<?xml version="1.0" encoding="UTF-8" standalone="yes"?>
<addon id="repository.revelations" name="Revelations" version="0.0.1" provider-name="J.Parker">
	<extension point="xbmc.addon.repository" name="Revelations">
		<dir>
			<info compressed="false">https://raw.githubusercontent.com/noobsandnerds/modules4all/master/zips/addons.xml</info>
			<checksum>https://raw.githubusercontent.com/noobsandnerds/modules4all/master/zips/addons.xml.md5</checksum>
			<datadir zip="true">https://raw.githubusercontent.com/noobsandnerds/modules4all/master/zips/</datadir>
		</dir>
		<info compressed="false">https://raw.githubusercontent.com/Phoenix2018/repository.revelations/master/zips/addons.xml</info>
		<checksum>https://raw.githubusercontent.com/Phoenix2018/repository.revelations/master/zips/addons.xml.md5</checksum>
		<datadir zip="true">https://raw.githubusercontent.com/Phoenix2018/repository.revelations/master/zips/</datadir>
	</extension>
	<extension point="xbmc.addon.metadata">
		<summary lang="en">Movie , TV , and Live TV</summary>
		<description lang="en">Movie /TV/Trailers and live TV</description>
		<genre>kids,livetv,movies,news,tvshows,uk,usa</genre>
	</extension>
</addon>